<?xml version="1.0" encoding="UTF-8"?>
<project-private xmlns="http://www.netbeans.org/ns/project-private/1">
    <editor-bookmarks xmlns="http://www.netbeans.org/ns/editor-bookmarks/2" lastBookmarkId="0"/>
    <open-files xmlns="http://www.netbeans.org/ns/projectui-open-files/2">
        <group>
            <file>file:/C:/xampp/htdocs/tidal/traveller/application/controllers/Home.php</file>
            <file>file:/C:/xampp/htdocs/tidal/traveller/application/views/admin/package.php</file>
            <file>file:/C:/xampp/htdocs/tidal/traveller/application/views/front/footer.php</file>
            <file>file:/C:/xampp/htdocs/tidal/traveller/application/views/front/home.php</file>
            <file>file:/C:/xampp/htdocs/tidal/traveller/application/models/Package.php</file>
            <file>file:/C:/xampp/htdocs/tidal/traveller/application/models/Users.php</file>
            <file>file:/C:/xampp/htdocs/tidal/traveller/application/config/config.php</file>
            <file>file:/C:/xampp/htdocs/tidal/traveller/application/controllers/Admin.php</file>
            <file>file:/C:/xampp/htdocs/tidal/traveller/assets/front/css/style.css</file>
            <file>file:/C:/xampp/htdocs/tidal/traveller/application/views/front/header.php</file>
            <file>file:/C:/xampp/htdocs/tidal/traveller/application/views/front/package.php</file>
            <file>file:/C:/xampp/htdocs/tidal/traveller/application/config/routes.php</file>
        </group>
    </open-files>
</project-private>
