<?xml version="1.0" encoding="UTF-8"?>
<project-private xmlns="http://www.netbeans.org/ns/project-private/1">
    <editor-bookmarks xmlns="http://www.netbeans.org/ns/editor-bookmarks/2" lastBookmarkId="0"/>
    <open-files xmlns="http://www.netbeans.org/ns/projectui-open-files/2">
        <group>
            <file>file:/C:/xampp/htdocs/funTravel/application/controllers/AdminController.php</file>
            <file>file:/C:/xampp/htdocs/funTravel/application/views/admin/login.php</file>
            <file>file:/C:/xampp/htdocs/funTravel/assets/js/neon-custom.js</file>
            <file>file:/C:/xampp/htdocs/funTravel/assets/js/neon-login.js</file>
            <file>file:/C:/xampp/htdocs/funTravel/application/controllers/Welcome.php</file>
        </group>
    </open-files>
</project-private>
